<project xmlns="http://maven.apache.org/POM/4.0.0" xmlns:xsi="http://www.w3.org/2001/XMLSchema-instance" xsi:schemaLocation="http://maven.apache.org/POM/4.0.0 http://maven.apache.org/xsd/maven-4.0.0.xsd">
	<modelVersion>4.0.0</modelVersion>

	<parent>
		<groupId>ca.uhn.hapi.fhir</groupId>
		<artifactId>hapi-deployable-pom</artifactId>
		<version>4.2.0</version>
		<relativePath>../../hapi-deployable-pom/pom.xml</relativePath>
	</parent>

	<artifactId>hapi-fhir-cli-api</artifactId>
	<packaging>jar</packaging>

	<name>HAPI FHIR - Command Line Client - API</name>

	<dependencies>

		<!-- This dependency includes the core HAPI-FHIR classes -->
		<dependency>
			<groupId>ca.uhn.hapi.fhir</groupId>
			<artifactId>hapi-fhir-base</artifactId>
			<version>${project.version}</version>
		</dependency>
		<dependency>
			<groupId>ca.uhn.hapi.fhir</groupId>
			<artifactId>hapi-fhir-jpaserver-base</artifactId>
			<version>${project.version}</version>
		</dependency>
		<dependency>
			<groupId>ca.uhn.hapi.fhir</groupId>
			<artifactId>hapi-fhir-cli-jpaserver</artifactId>
			<version>${project.version}</version>
			<type>jar</type>
			<classifier>classes</classifier>
		</dependency>
		<dependency>
			<groupId>ca.uhn.hapi.fhir</groupId>
			<artifactId>hapi-fhir-igpacks</artifactId>
			<version>${project.version}</version>
		</dependency>
		<dependency>
			<groupId>ca.uhn.hapi.fhir</groupId>
			<artifactId>hapi-fhir-jpaserver-migrate</artifactId>
			<version>${project.version}</version>
		</dependency>
        <dependency>
            <groupId>ca.uhn.hapi.fhir</groupId>
            <artifactId>hapi-fhir-test-utilities</artifactId>
            <version>${project.version}</version>
            <scope>test</scope>
        </dependency>

		<dependency>
			<groupId>org.apache.commons</groupId>
			<artifactId>commons-compress</artifactId>
		</dependency>
		<dependency>
			<groupId>ca.uhn.hapi.fhir</groupId>
			<artifactId>hapi-fhir-structures-dstu2</artifactId>
			<version>${project.version}</version>
		</dependency>
		<dependency>
			<groupId>ca.uhn.hapi.fhir</groupId>
			<artifactId>hapi-fhir-structures-dstu3</artifactId>
			<version>${project.version}</version>
		</dependency>
		<dependency>
			<groupId>ca.uhn.hapi.fhir</groupId>
			<artifactId>hapi-fhir-structures-hl7org-dstu2</artifactId>
			<version>${project.version}</version>
		</dependency>
		<dependency>
			<groupId>ca.uhn.hapi.fhir</groupId>
			<artifactId>hapi-fhir-validation-resources-dstu2</artifactId>
			<version>${project.version}</version>
		</dependency>
		<dependency>
			<groupId>ca.uhn.hapi.fhir</groupId>
			<artifactId>hapi-fhir-validation-resources-dstu3</artifactId>
			<version>${project.version}</version>
		</dependency>
		<dependency>
			<groupId>ch.qos.logback</groupId>
			<artifactId>logback-classic</artifactId>
		</dependency>
		<dependency>
			<groupId>javax.servlet</groupId>
			<artifactId>javax.servlet-api</artifactId>
		</dependency>

		<dependency>
			<groupId>commons-cli</groupId>
			<artifactId>commons-cli</artifactId>
		</dependency>

		<dependency>
			<groupId>org.apache.derby</groupId>
			<artifactId>derby</artifactId>
		</dependency>
		<dependency>
			<groupId>com.h2database</groupId>
			<artifactId>h2</artifactId>
			<scope>test</scope>
		</dependency>
		<dependency>
			<groupId>org.mariadb.jdbc</groupId>
			<artifactId>mariadb-java-client</artifactId>
		</dependency>
		<dependency>
			<groupId>mysql</groupId>
			<artifactId>mysql-connector-java</artifactId>
		</dependency>
		<dependency>
			<groupId>org.postgresql</groupId>
			<artifactId>postgresql</artifactId>
		</dependency>
		<dependency>
			<groupId>com.microsoft.sqlserver</groupId>
			<artifactId>mssql-jdbc</artifactId>
		</dependency>

		<dependency>
			<groupId>org.springframework</groupId>
			<artifactId>spring-core</artifactId>
			<exclusions>
				<exclusion>
					<artifactId>commons-logging</artifactId>
					<groupId>commons-logging</groupId>
				</exclusion>
			</exclusions>
		</dependency>
		<dependency>
			<groupId>org.springframework</groupId>
			<artifactId>spring-webmvc</artifactId>
		</dependency>
		<dependency>
			<groupId>org.springframework</groupId>
			<artifactId>spring-context</artifactId>
			<exclusions>
				<exclusion>
					<artifactId>xml-apis</artifactId>
					<groupId>xml-apis</groupId>
				</exclusion>
			</exclusions>
		</dependency>
		<dependency>
			<groupId>org.springframework</groupId>
			<artifactId>spring-beans</artifactId>
		</dependency>
		<dependency>
			<groupId>org.springframework</groupId>
			<artifactId>spring-tx</artifactId>
		</dependency>
		<dependency>
			<groupId>org.springframework</groupId>
			<artifactId>spring-context-support</artifactId>
		</dependency>
		<dependency>
			<groupId>org.springframework</groupId>
			<artifactId>spring-web</artifactId>
		</dependency>

		<dependency>
			<groupId>org.eclipse.jetty</groupId>
			<artifactId>jetty-servlets</artifactId>
		</dependency>
		<dependency>
			<groupId>org.eclipse.jetty</groupId>
			<artifactId>jetty-servlet</artifactId>
		</dependency>
		<dependency>
			<groupId>org.eclipse.jetty</groupId>
			<artifactId>jetty-server</artifactId>
		</dependency>
		<dependency>
			<groupId>org.eclipse.jetty</groupId>
			<artifactId>jetty-util</artifactId>
		</dependency>
		<dependency>
			<groupId>org.eclipse.jetty</groupId>
			<artifactId>jetty-webapp</artifactId>
		</dependency>
		<dependency>
			<groupId>org.eclipse.jetty.websocket</groupId>
			<artifactId>websocket-api</artifactId>
		</dependency>
		<dependency>
			<groupId>org.eclipse.jetty.websocket</groupId>
			<artifactId>websocket-client</artifactId>
		</dependency>
		<dependency>
			<groupId>org.slf4j</groupId>
			<artifactId>jcl-over-slf4j</artifactId>
		</dependency>

		<dependency>
			<groupId>org.thymeleaf</groupId>
			<artifactId>thymeleaf</artifactId>
		</dependency>
		<dependency>
			<groupId>org.thymeleaf</groupId>
			<artifactId>thymeleaf-spring5</artifactId>
		</dependency>

		<!-- Dependencies for Schematron -->
		<dependency>
			<groupId>com.helger</groupId>
			<artifactId>ph-schematron</artifactId>
			<exclusions>
				<exclusion>
					<groupId>org.glassfish.jaxb</groupId>
					<artifactId>jaxb-runtime</artifactId>
				</exclusion>
				<exclusion>
					<groupId>org.glassfish.jaxb</groupId>
					<artifactId>jaxb-core</artifactId>
				</exclusion>
				<exclusion>
					<groupId>com.sun.istack</groupId>
					<artifactId>istack-commons-runtime</artifactId>
				</exclusion>
			</exclusions>
		</dependency>
		<dependency>
			<groupId>com.helger</groupId>
			<artifactId>ph-commons</artifactId>
		</dependency>
		<dependency>
			<groupId>javax.xml.bind</groupId>
			<artifactId>jaxb-api</artifactId>
		</dependency>
		<!--<dependency>-->
			<!--<groupId>com.sun.xml.bind</groupId>-->
			<!--<artifactId>jaxb-core</artifactId>-->
		<!--</dependency>-->
		<!--<dependency>-->
			<!--<groupId>com.sun.xml.bind</groupId>-->
			<!--<artifactId>jaxb-impl</artifactId>-->
		<!--</dependency>-->
		<dependency>
			<groupId>org.glassfish.jaxb</groupId>
			<artifactId>jaxb-runtime</artifactId>
		</dependency>


		<dependency>
			<groupId>org.fusesource.jansi</groupId>
			<artifactId>jansi</artifactId>
		</dependency>

		<dependency>
			<groupId>org.flywaydb</groupId>
			<artifactId>flyway-core</artifactId>
		</dependency>

		<!-- Test Deps -->
		<dependency>
			<groupId>org.awaitility</groupId>
			<artifactId>awaitility</artifactId>
			<scope>test</scope>
		</dependency>

	</dependencies>

	<build>
		<plugins>
		</plugins>
	</build>

</project>
