<project xmlns="http://maven.apache.org/POM/4.0.0" xmlns:xsi="http://www.w3.org/2001/XMLSchema-instance" xsi:schemaLocation=" http://maven.apache.org/POM/4.0.0 http://maven.apache.org/maven-v4_0_0.xsd">
    
    <modelVersion>4.0.0</modelVersion>
    <artifactId>ipf-modules-cda-mdht</artifactId>
    <name>ipf-modules-cda-mdht</name>
    <description>MDHT-specific CDA support</description>
    <url>${site.url}/${project.artifactId}</url>
    
    <parent>
        <groupId>org.openehealth.ipf.modules</groupId>
        <artifactId>ipf-modules-cda</artifactId>
        <version>3.7-20200306</version>
    </parent>
    
    <properties>
        <ipf.extension.beans>cdaModelExtension</ipf.extension.beans>
    </properties>
    
    <dependencies>
        <dependency>
            <groupId>org.openehealth.ipf.commons</groupId>
            <artifactId>ipf-commons-core</artifactId>
        </dependency>
        <dependency>
            <groupId>org.openhealthtools.mdht.cda</groupId>
            <artifactId>org.openhealthtools.mdht.uml.cda</artifactId>
        </dependency>
        <dependency>
            <groupId>org.openehealth.ipf.oht.mdht</groupId>
            <artifactId>ipf-oht-mdht-uml-cda-ccd</artifactId>
        </dependency>
        <dependency>
            <groupId>org.openehealth.ipf.oht.mdht</groupId>
            <artifactId>ipf-oht-mdht-uml-cda-hitsp</artifactId>
        </dependency>
        <dependency>
            <groupId>org.openehealth.ipf.oht.mdht</groupId>
            <artifactId>ipf-oht-mdht-uml-cda-consol</artifactId>
        </dependency>
        <dependency>
            <groupId>org.openehealth.ipf.oht.mdht</groupId>
            <artifactId>ipf-oht-mdht-uml-cda-ihe</artifactId>
        </dependency>
        <dependency>
            <groupId>org.openehealth.ipf.oht.mdht</groupId>
            <artifactId>ipf-oht-mdht-uml-cda-cdt</artifactId>
        </dependency>
    </dependencies>
    <build>
        <plugins>
            <plugin>
                <artifactId>maven-jar-plugin</artifactId>
            </plugin>
        </plugins>
    </build>

    <distributionManagement>
        <site>
            <id>${site.deploy.id}</id>
            <url>${site.deploy.url}${project.artifactId}</url>
        </site>
    </distributionManagement>

</project>
