<?xml version="1.0" encoding="UTF-8"?>
<project xmlns="http://maven.apache.org/POM/4.0.0" xmlns:xsi="http://www.w3.org/2001/XMLSchema-instance" xsi:schemaLocation="http://maven.apache.org/POM/4.0.0 http://maven.apache.org/xsd/maven-4.0.0.xsd">

    <modelVersion>4.0.0</modelVersion>

    <parent>
        <groupId>com.bazaarvoice.jolt</groupId>
        <artifactId>jolt-parent</artifactId>
        <version>0.1.1</version>
        <relativePath>../parent/pom.xml</relativePath>
    </parent>

    <artifactId>jolt-core</artifactId>
    <name>Jolt Core</name>
    <packaging>jar</packaging>

    <dependencies>

        <dependency>
            <groupId>javax.inject</groupId>
            <artifactId>javax.inject</artifactId>
        </dependency>

        <dependency>
            <groupId>org.apache.commons</groupId>
            <artifactId>commons-lang3</artifactId>
            <version>${commons-lang3.version}</version>
            <scope>test</scope>
        </dependency>

        <dependency>
            <groupId>com.bazaarvoice.jolt</groupId>
            <artifactId>json-utils</artifactId>
            <version>${project.version}</version>
            <scope>test</scope>
        </dependency>

        <dependency>
            <groupId>com.google.guava</groupId>
            <artifactId>guava</artifactId>
            <scope>test</scope>
        </dependency>
        <dependency>
            <groupId>org.testng</groupId>
            <artifactId>testng</artifactId>
            <scope>test</scope>
        </dependency>
    </dependencies>

    <build>
        <plugins>
            <plugin>
                <groupId>org.codehaus.mojo</groupId>
                <artifactId>cobertura-maven-plugin</artifactId>
                <version>2.7</version>
                <configuration>
                    <check />
                    <formats>
                        <format>html</format>
                        <format>xml</format>
                    </formats>
                </configuration>
            </plugin>
        </plugins>
    </build>

</project>
