<?xml version="1.0" encoding="UTF-8"?>
<!--

    Copyright (C) 2014-2019 Philip Helger (www.helger.com)
    philip[at]helger[dot]com

    Licensed under the Apache License, Version 2.0 (the "License");
    you may not use this file except in compliance with the License.
    You may obtain a copy of the License at

            http://www.apache.org/licenses/LICENSE-2.0

    Unless required by applicable law or agreed to in writing, software
    distributed under the License is distributed on an "AS IS" BASIS,
    WITHOUT WARRANTIES OR CONDITIONS OF ANY KIND, either express or implied.
    See the License for the specific language governing permissions and
    limitations under the License.

-->
<project xmlns="http://maven.apache.org/POM/4.0.0" xmlns:xsi="http://www.w3.org/2001/XMLSchema-instance" xsi:schemaLocation="http://maven.apache.org/POM/4.0.0 http://maven.apache.org/maven-v4_0_0.xsd">
  <modelVersion>4.0.0</modelVersion>
  <parent>
    <groupId>com.helger</groupId>
    <artifactId>ph-schematron-parent-pom</artifactId>
    <version>5.3.0</version>
  </parent>
  <groupId>com.helger.maven</groupId>
  <artifactId>ph-sch2xslt-maven-plugin</artifactId>
  <packaging>maven-plugin</packaging>
  <name>ph-sch2xslt-maven-plugin</name>
  <description>Maven plugin to convert Schematron files to XSLT files at build time</description>
  <url>https://github.com/phax/ph-schematron/ph-sch2xslt-maven-plugin</url>
  <inceptionYear>2014</inceptionYear>
  
  <licenses>
    <license>
      <name>Apache 2</name>
      <url>http://www.apache.org/licenses/LICENSE-2.0</url>
      <distribution>repo</distribution>
    </license>
  </licenses>

  <organization>
    <name>Philip Helger</name>
    <url>http://www.helger.com</url>
  </organization>

  <developers>
    <developer>
      <id>philip</id>
      <name>Philip Helger</name>
      <email>ph(at)helger.com</email>
      <url>http://www.helger.com</url>
    </developer>
  </developers>
  
  <prerequisites>
    <maven>3.0</maven>
  </prerequisites>
  
  <properties>
    <maven.core.version>3.5.3</maven.core.version>
    <maven.annot.version>3.5.1</maven.annot.version>
    <maven.test.version>3.3.0</maven.test.version>
  </properties>

  <dependencies>
    <dependency>
      <groupId>org.apache.maven</groupId>
      <artifactId>maven-plugin-api</artifactId>
      <version>${maven.core.version}</version>
    </dependency>
    <dependency>
      <groupId>org.apache.maven</groupId>
      <artifactId>maven-core</artifactId>
      <version>${maven.core.version}</version>
      <scope>provided</scope>
    </dependency>
    <dependency>
      <groupId>com.helger</groupId>
      <artifactId>ph-commons</artifactId>
    </dependency>  
    <dependency>
      <groupId>com.helger</groupId>
      <artifactId>ph-schematron</artifactId>
    </dependency>
    <dependency>
      <groupId>org.apache.maven.plugin-tools</groupId>
      <artifactId>maven-plugin-annotations</artifactId>
      <version>${maven.annot.version}</version>
      <scope>provided</scope>
    </dependency>
    <dependency>
      <groupId>org.sonatype.plexus</groupId>
      <artifactId>plexus-build-api</artifactId>
      <version>0.0.7</version>
    </dependency>
    
    <dependency>
      <groupId>org.apache.maven.plugin-testing</groupId>
      <artifactId>maven-plugin-testing-harness</artifactId>
      <version>${maven.test.version}</version>
      <scope>test</scope>
    </dependency>
    <dependency>
      <groupId>org.apache.maven</groupId>
      <artifactId>maven-compat</artifactId>
      <version>${maven.core.version}</version>
      <scope>test</scope>
    </dependency>
    <dependency>
      <groupId>org.easymock</groupId>
      <artifactId>easymock</artifactId>
      <scope>test</scope>
    </dependency>    
  </dependencies>

  <build>
    <plugins>
      <plugin>
        <groupId>org.apache.maven.plugins</groupId>
        <artifactId>maven-plugin-plugin</artifactId>
        <configuration>
          <goalPrefix>ph-sch2xslt</goalPrefix>
        </configuration>
        <executions>
          <execution>
            <id>mojo-descriptor</id>
            <goals>
              <goal>descriptor</goal>
            </goals>
          </execution>
          <execution>
            <id>help-goal</id>
            <goals>
              <goal>helpmojo</goal>
            </goals>
          </execution>
        </executions>
      </plugin>
      <plugin>
        <groupId>org.apache.maven.plugins</groupId>
        <artifactId>maven-javadoc-plugin</artifactId>
        <configuration>
          <doclint>none</doclint>
        </configuration>
      </plugin>      
    </plugins>
  </build>
  
  <reporting>
    <plugins>
      <plugin>
        <groupId>org.apache.maven.plugins</groupId>
        <artifactId>maven-plugin-plugin</artifactId>
        <version>3.6.0</version>
      </plugin>
    </plugins>
  </reporting>
</project>
